SUN2017,WIND2017
0,147.58
0,141.86
0,147.17
0,148.07
0,146.28
0,136.6
0,128.3
0,122.39
0,129.39
0,133.01
0,131.92
0,128.43
0,129.68
0,140.57
0,140.81
0,135.9
0,133.29
0,127.75
0,125.9
0,121.56
0,124.84
0,126.24
0,122.67
15.77,115.66
41.55,124.7
75.9,119.02
120.52,115.7
176.96,110.94
247.08,99.57
332.17,92.47
428.39,89.8
533.67,82.27
659.25,65.6
778.05,59.63
904.51,54.94
1026.95,47.18
1145.26,42.91
1261.19,41.18
1379.18,40.36
1491.18,39.79
1593.54,39.55
1679.57,40.38
1763.81,40.26
1838.89,41.93
1906.96,51.73
1963.6,56.16
2022.09,54.56
2056.84,56.36
2097.3,57.73
2107.07,56.52
2129.05,55.93
2116.9,55.62
2125.7,54.04
2060.99,52.7
2048.68,53.6
2004.89,52.57
1960.2,55.52
1931.87,51.69
1879.08,52.52
1896.03,55.07
1857.8,54.48
1784.27,57.34
1721.42,62.33
1665.38,67.65
1588.21,76.31
1499.87,83.14
1421.98,91.02
1368.91,96.46
1358.01,99.77
1270.56,101.92
1186.63,108.08
1095.01,106.16
960.68,105.74
881.92,102.19
784.18,95.88
678.26,92.38
569.04,102.04
478.92,102.88
387.55,104.4
308.83,101.9
243.3,106.66
185.38,114.92
138.7,108.85
97.05,109.18
60.38,121.15
27.38,135.08
6.2,138.79
0.05,146.21
0,143.12
0,136.59
0,135.12
0,139.34
0,143.82
0,138.24
0,127.92
0,116.98
0,116.61
0,110.63
0,105.45
0,102.98
0,94.41
0,81.47
0,72.85
0,66.61
0,62.63
0,58.98
0,52.81
0,49.19
0,49.04
0,53.1
0,55
0,53.57
0,52.9
0,52.14
0,52.95
0,51.43
0,51.51
0,46.01
0,40.46
14.08,38.09
38.52,43.88
72.19,44.37
117.93,40.6
171.05,38.29
238.52,36.98
314.78,35.04
400.71,33.18
503.43,32.41
621.48,31.78
741.99,31.44
857.15,32.65
973.88,33.8
1085.02,32.66
1200.34,33.45
1303.17,33.96
1422.68,34.95
1526.17,35.89
1609.88,36.43
1691.98,36.49
1760.06,37.95
1815.06,46.36
1874.24,47.97
1934.11,47.23
1973.35,48.22
1998.14,46.9
2012.32,47.08
2039.09,47.31
2024.43,47.1
2014.46,47.73
1993.39,48.49
2015.81,51.55
1961.78,53.92
2012.15,52.74
1967.7,56.09
1927.43,56.91
1862.26,58.69
1776.56,55.68
1726.29,58.44
1700.39,65.29
1639.06,77.72
1582.8,108.07
1514.41,125.78
1435.03,120.92
1389.66,130.72
1261.75,140.01
1158.07,128.8
1102.72,125.46
1011.59,129.08
888.33,141.2
796.53,149.25
682.92,169.47
593.52,195.79
488.19,197.92
385.14,208.14
308.78,222.48
232.97,211.56
171.06,206.94
131.15,239.84
89.35,267.04
51.96,262.39
26.54,274.25
9.22,252.87
0.84,228.07
0.04,198.42
0,181.47
0,178.7
0,171.05
0,186.4
0,180.17
0,154.11
0,141.54
0,127.32
0,118.72
0,87.03
0,72.08
0,55.89
0,47.79
0,53.56
0,66.44
0,70.34
0,65.31
0,69.71
0,73.92
0,73.48
0,73.07
0,75.1
0,73.8
0,71.99
0,79.65
0,78.08
0,66.2
0,72.91
0,88.48
0,96
0,135.3
9.37,171.46
33.54,146.43
66.33,141.77
106.79,127.38
154.04,128.97
200.38,137.01
252.25,150.36
319.32,156.75
403.73,173.29
523.31,186.48
614.44,192.76
712.81,158.08
811.11,156.81
888.16,157.09
931.34,166.03
954.38,178.97
962.51,194.33
1039.76,220.94
1052.96,305.87
1108.85,328.15
1186.58,376.07
1267.13,397.76
1326.24,398.04
1330.57,378.16
1330.4,388.48
1302.33,412.72
1392.78,432.51
1463.65,405.19
1527.02,321.25
1575.3,283.36
1588.65,257.21
1619.08,257.1
1686.56,252.42
1628.46,245.44
1544.14,290.93
1522.81,328.5
1460.55,333.41
1513.84,347.37
1474.97,357.4
1440.33,363.12
1319.04,349.69
1266.38,335.39
1078.15,339.62
927.74,349.89
775.9,345.08
654.5,339.02
623.94,338.96
580.29,330.86
540.23,339.44
464.02,336.18
419.5,336.04
379.36,361.82
313.58,395.83
274.98,412.39
224.04,415.51
170.27,411.22
128.3,442.03
97.17,476.04
80.52,516.09
61.72,530.89
42.64,509.59
25.66,522.46
10.45,521.95
2.59,510.76
0.22,534.32
0,575.89
0,586.32
0,582.42
0,536.86
0,514.71
0,490.83
0,476.52
0,426.08
0,398.1
0,345.36
0,285.14
0,244.29
0,226.36
0,214.61
0,209.3
0,219.67
0,237.25
0,217.99
0,225.26
0,226.56
0,232.62
0,251.86
0,295.98
0,353.95
0,401.83
0,398.93
0,371.71
0,347.92
0,341.49
0,307.01
0,300.46
5.56,330.54
20.94,366.67
46.08,360.85
85.74,365.88
147.31,363.01
220.24,384.47
301.62,377.42
400.06,371.75
485.36,405.15
582.57,411.66
704.04,403.09
816.42,404.41
932.79,406.49
1064.57,366.54
1163.86,347.91
1232.95,350.99
1318.61,397.9
1419.14,360.38
1445.55,338.69
1514.1,344.06
1540.31,349.97
1537.29,341.49
1526.24,353.19
1554.53,372.16
1482.58,400.98
1487.52,406.39
1377.31,399.78
1437.37,429.94
1487.47,440.09
1495.04,435.28
1614.85,463.62
1565.2,455.52
1635.42,459.26
1579.59,468.18
1632.83,508.84
1619.83,562.38
1572.42,576.55
1536.96,559.27
1513.76,552.43
1562.32,563.65
1583.58,600.34
1525.11,596.36
1472.28,567.07
1415.7,577.29
1316.08,583.27
1250.86,603.59
1187.1,668.18
1111.66,701.45
1000.76,683.97
895.41,694.5
828.62,675.37
729.44,682.01
643.89,652.48
556.32,650.48
497.74,588.73
411.18,543.65
345.97,476.81
275.62,465.19
212.15,427.44
156.25,438.72
108.02,419.48
67.66,420.1
35.86,421.72
15,435.95
2.13,476.93
0,479.44
0,473.53
0,500.35
0,553.04
0,544.91
0,497.96
0,454.05
0,431.91
0,454.39
0,479.91
0,510.56
0,516.22
0,482.09
0,478.16
0,447.62
0,420.63
0,378.59
0,339.77
0,319.26
0,294.18
0,285.82
0,308.52
0,331.16
0,315.35
0,287.43
0,281.38
0,284.02
0,296.22
0,305.52
0,305.35
0,319.61
12.46,326.18
36.31,319.53
66.5,357.79
111.42,391.58
162.27,399.35
210.01,396.33
261.26,437.64
331.84,454.22
408.52,488.87
484.43,503.22
552.65,466.28
652.94,446.42
786.69,445.6
916.3,444.96
1016.77,451.11
1064.91,478.46
1186.67,484.12
1370.58,502.02
1488.88,550.37
1625.96,576.73
1708.99,612.77
1811.7,666.31
1869.13,697.4
1912.86,639.89
1936.18,577.01
1882.44,579.29
1774.95,602.68
1713.23,604.51
1610.75,593.21
1565.25,613.29
1536.45,606.25
1550.18,554.09
1532.82,554.59
1461.93,529.25
1461.1,560.42
1430.71,601.21
1538.95,553.35
1581.33,553.98
1526.66,586.64
1497.89,589.54
1450.73,596
1438,614.12
1330.01,645.66
1239.01,688.91
1232.55,695.38
1152.28,742.25
1077.04,813.34
999.65,821.69
922.63,777.99
807.35,689.62
728.59,594.21
679.56,520.09
584.26,496.78
471.66,453.12
432.21,403.73
357.11,359.96
253.78,344.96
201.57,333.61
138.83,312.18
98.49,326.34
67.26,315.72
38.45,280.21
18.4,288.33
4.16,302.15
0.07,325.76
0,380.93
0,442.93
0,480.7
0,556.53
0,646.09
0,783.11
0,853.77
0,956.42
0,1033.18
0,1275.25
0,1331.11
0,1300.57
0,1178.3
0,985.53
0,879.14
0,947.49
0,1059.64
0,1222.21
0,1220.08
0,1233.28
0,1180.69
0,1232.95
0,1286.07
0,1215.72
0,1229.77
0,1261.37
0,1289.36
0,1299.07
0,1297.71
0,1356.52
0,1453.65
0.51,1553.61
3.44,1558.41
11.21,1646.91
25.29,1645.29
38.44,1616.33
46.42,1625.86
63,1611.33
85.01,1626.29
127.84,1614.97
175.97,1574.18
210.66,1573.64
307.43,1581.29
359.06,1634.6
364.56,1659.66
411.31,1624.79
478.32,1686.95
531.87,1739.13
682.33,1771.72
808.42,1754.72
973.35,1763.38
1067.62,1780.51
1063.59,1787.24
1069.82,1765.39
1131.96,1708.73
1241.91,1399.48
1276.66,1247.1
1201.42,1377.2
1212.41,1350.15
1212.84,1489.69
1343.96,1788.03
1441.54,1790.96
1383.09,1684.56
1451.92,1569.07
1622.11,1580.23
1606.38,1551.63
1553.49,1565.71
1512.95,1612.12
1451.15,1702.81
1409.83,1796.6
1464.78,1846.02
1455.62,1856.15
1466.94,1740.66
1334.42,1774.98
1211.18,1778.7
1195.82,1787.07
1193.86,1848.36
1137.19,1704.35
991.61,1674.22
933.45,1787.9
804.44,1780.89
767.93,1765.6
698.9,1730.87
593.67,1716.32
499.95,1743.87
416.19,1705.66
348.23,1723.09
268.64,1669.2
229.27,1663.05
179.34,1626.41
128.64,1629.59
86.14,1601.66
52.56,1506.99
24.3,1585.93
6.96,1596.62
0.56,1614.01
0,1620.81
0,1595.32
0,1553.86
0,1594.49
0,1634.09
0,1681.65
0,1685.42
0,1697.02
0,1693.4
0,1656.15
0,1679.12
0,1673.26
0,1703.56
0,1684.34
0,1689.24
0,1723.54
0,1723.4
0,1736.79
0,1752.96
0,1740.35
0,1734
0,1753.64
0,1750.22
0,1742.83
0,1755.78
0,1742.93
0,1745.01
0,1751.98
0,1749.63
0,1742.34
0,1718.42
10.28,1716.92
32.21,1706.96
61.75,1700.65
97.44,1709
146.34,1684.45
192.89,1706.28
251.27,1691.76
316.06,1674.1
377.58,1675.64
467.24,1669.44
534.24,1659.8
614.76,1681.04
695.85,1693.7
765.85,1680.16
833.65,1678.73
861.58,1674.71
851.98,1691.98
859.41,1669.24
880.51,1650.8
899.4,1659.13
984.14,1671.62
990.96,1636.09
1017.53,1609.58
1087.16,1619.62
1081.26,1635.9
1153.07,1634.99
1246.1,1680.11
1315.13,1713.79
1413.54,1718.83
1407.72,1703.09
1431.14,1697.46
1379.07,1700.25
1381.76,1722.92
1282.12,1738.9
1266.53,1679.65
1426.47,1704.08
1457.77,1698.01
1428.61,1683.15
1398.05,1695.79
1420.79,1709.73
1341.82,1733.34
1371.52,1691.89
1398.12,1691.26
1401.42,1710.33
1327.98,1743.17
1245.26,1738.5
1217.42,1728.27
1165.99,1728.86
1065.18,1746.53
988.92,1735.64
870.33,1676.57
821.64,1663.84
686.43,1625
623.19,1605.71
539.61,1607.33
441.56,1594.81
329.87,1535.65
238.78,1540.34
177.52,1486.64
122.69,1459.79
77.18,1408.29
48.96,1350.15
21.29,1347.91
5.25,1319.04
0.22,1300.82
0,1307.45
0,1342.3
0,1347
0,1346.99
0,1321.69
0,1309.11
0,1307.16
0,1307.3
0,1310.39
0,1295.07
0,1309.02
0,1291.79
0,1273.46
0,1261.43
0,1248.11
0,1201.8
0,1120.59
0,1025.24
0,999.21
0,975.29
0,979.18
0,959.55
0,931.51
0,910.74
0,911.01
0,915.46
0,936.11
0,925.44
0,910.35
0,941.37
0,946.22
10.6,960.82
33.34,991.43
57.92,941.63
102.25,937.65
143.04,935.39
178.32,948.78
236.49,950.03
295.64,965.87
365.81,916.43
459.64,690.27
532.17,699.45
600.87,779.65
662.46,787.27
738,805.35
827.93,813.8
922.4,805.93
950.95,838.57
1007.64,924.09
1092.69,923.06
1148.56,1003.57
1227.3,1054.78
1315.64,1079.41
1499.78,1130.37
1654.36,1074.84
1703.04,1070.76
1743.22,1090.68
1861.93,1068.98
1936.45,1018.35
1998.61,988.68
2062.99,1039.6
2105.28,1040.52
2055.89,1050.12
1983.47,1127.22
1912.48,1140.88
1916.75,1137.18
1823.49,1064.37
1770.4,1108.59
1643.81,1059.91
1534.04,1020.27
1498.23,1134.57
1415.6,1188.53
1335.43,1163.37
1283.04,1193.83
1323.37,1174.42
1255.77,1106.91
1196.55,1137.5
1144.98,1151.09
1082.17,1136.27
1079.11,1170.3
953.66,1182.44
829.2,1278.91
732.14,1300.36
674.36,1216.75
533.34,1005.28
470.65,849.98
379.22,883.52
273.67,937.53
229.1,977.03
169.94,915.82
123.75,794.15
95.14,671.02
50.05,582.49
22.59,475.85
8.02,378.01
0.79,357.54
0,312.09
0,303.94
0,323.76
0,336.22
0,335.2
0,344.02
0,340.92
0,355.17
0,359.82
0,361.72
0,370.1
0,371.22
0,421.13
0,532.88
0,603.58
0,736.7
0,843.07
0,901.46
0,828.94
0,796.12
0,809.15
0,877.26
0,656.58
0,300.07
0,203.25
0,150.86
0,101.71
0,189.92
0,378.83
0,443.78
0.04,472.18
1.44,467.92
4.06,578.09
8.14,655.44
10.91,589.9
14.6,433.76
20.21,370.01
26.06,383.7
38.55,377.92
57.58,445.26
75.3,498.73
93.58,540.9
107.1,596.19
118.32,606.59
149.99,598.41
240.5,603.51
307.2,682.9
377.12,728.71
514.53,788.06
609.32,800.73
743.15,804.09
839.72,770.32
987.56,845.85
1109.56,846.93
1266.83,801.74
1413.88,763.95
1622.35,710.73
1592.72,668.78
1678.37,723.53
1789.9,911.42
1804.34,1098.37
1724.43,1202.13
1689.76,1144.47
1779.41,1123.04
1792.02,1124.23
1774.41,1233.82
1736.27,1269.2
1726.31,1322.18
1597.62,1304.69
1588.55,1327.08
1617.79,1327.45
1570.65,1297.87
1478.4,1281.83
1460.48,1335.67
1400.82,1302.68
1388.95,1312.32
1343.02,1303
1230.79,1267.27
1155.66,1284.15
1076.3,1237.34
1040.75,1216.15
912.46,1161.88
796.74,1128.65
709.45,1136.62
611.63,1127.42
531.45,1134.67
437.67,1123
348.8,1152.8
265.48,1136.12
199.93,1118.93
140.68,1045.37
92.04,979.11
56.77,931.47
30.74,899.72
11.6,861.18
1.39,835.09
0,817.53
0,790.15
0,752.74
0,712.45
0,692.66
0,652.93
0,658.34
0,662.58
0,656.97
0,624.49
0,600.75
0,575.13
0,558.66
0,521.83
0,511.07
0,490.37
0,476.1
0,483.6
0,480.9
0,446.6
0,442.88
0,445.81
0,440.72
0,433.61
0,458.38
0,485.24
0,484.71
0,459.17
0,434.44
0,453.71
0.32,459.57
26.14,422.03
57.93,380.87
98.67,347.74
151.11,303.52
204.38,294.47
263.42,322.33
358.13,326.81
461.37,299.31
544.53,277.66
661.03,274.09
765.49,277.6
848.22,314.07
915.64,294.38
1019.14,256.42
1137.44,216.97
1202.08,198.88
1261.36,195.71
1338.14,216.21
1390.5,220.76
1418.13,215.7
1558.03,198.58
1661.25,205.23
1733.13,219.2
1809.19,212.83
1880.61,217.96
1876.98,234.18
1897.5,239.95
1960.06,244.63
1976.64,238.35
1996.55,229.22
2028.54,217.65
2037.4,227.07
2040.4,218.03
2054.43,213.57
2050.84,209.23
2081.25,214.37
2021.14,213.03
2019.48,207.45
2031.92,222.5
2018.1,215.59
1950.37,212.94
1892.2,249.37
1822.54,306.44
1757.69,335.05
1673.21,377.99
1595.25,406.32
1492.15,452.94
1397.93,500.3
1280.94,603.54
1161.88,634.7
1036.44,779.45
919.1,801.35
790.17,897.67
662.25,904.46
538.26,870.64
434.07,865.5
337.72,815.45
248.89,749.84
180.55,707.41
125.95,698.38
81.61,687.08
52.72,671.59
31.07,630.08
14.9,592.12
2.71,579.14
0,583.88
0,623.02
0,647.41
0,595.64
0,517.17
0,423.32
0,392.58
0,345.53
0,313.92
0,284.67
0,274.14
0,266.32
0,265.15
0,274.71
0,288.23
0,302.38
0,317.37
0,332.03
0,329.09
0,316.74
0,308.77
0,339.12
0,384.37
0,397.2
0,401.9
0,424.32
0,436.4
0,437.1
0,447.28
0,472.6
0.45,479.07
23.08,483.45
43.79,486.83
67.19,482.14
98.51,464.29
142.31,437.64
203.2,418.56
264.26,391.78
340.01,367.76
452.79,330.77
554.18,290.61
685.64,260.01
826.11,229.88
963.73,195.58
1059.24,166.93
1192.94,152.88
1294.33,149.8
1408.63,143.59
1519.91,146.63
1615.47,168.85
1707.9,184.72
1794.95,201.29
1883.87,221.77
1952.24,239.77
2020.83,239
2043.95,261.82
2090.22,282.43
2100.08,327.5
2078.71,345.9
2058.43,384.75
1987.67,423.53
1917.5,446.54
1888.53,458.74
1856.04,519.82
1737.03,601.65
1666.45,718.54
1602.37,776.72
1503.18,798.3
1389.37,880.77
1318.82,902.29
1216.43,983.46
1131.03,1054.76
1069.61,1116
1028.18,1145.85
1047.91,1187.05
1055.02,1200.16
1021.92,1157.89
942.3,1206.52
882.04,1194.11
823.64,1222.04
719.37,1262.3
634.2,1223.45
558.35,1170.44
467.07,1175.82
422.23,1181.96
360.65,1262.72
296.67,1253.29
250.7,1262.87
193,1245.68
142.32,1218.64
107.5,1254.04
73.15,1213.17
52.91,1232.99
28.56,1359.99
10.37,1411.92
1.83,1409.78
0,1387.4
0,1361.24
0,1332.73
0,1276.69
0,1256.04
0,1285.59
0,1285.31
0,1262.81
0,1238.39
0,1272.11
0,1278.99
0,1250.94
0,1231.51
0,1201.34
0,1198.77
0,1167.73
0,1103.77
0,1102.63
0,1054.67
0,1073.15
0,1097.36
0,1071.27
0,1096.06
0,1120.34
0,1135.07
0,1105.13
0,1085.99
0,1063.56
0,1091.49
0,1184.27
0.47,1193.38
17.28,1182.96
41.14,1208.36
74.26,1222.72
118.8,1171.85
170.08,1154.57
229.42,1174.15
299.84,1176.28
383.59,1201.05
491.09,1200.17
600.57,1204.39
713.3,1245.59
854.47,1255.07
940.02,1254.58
1010.88,1242.75
1105.72,1239.35
1139.05,1192.27
1149.34,1191.29
1171.03,1179.83
1158.15,1172.65
1096.09,1194.99
1068.94,1236.63
1091.82,1270.13
1188.92,1317.4
1192.26,1318.93
1235.28,1353.27
1113.62,1276.49
1112.04,1276.52
1138.58,1283.39
1078.06,1337.67
1061.71,1297.12
1065.52,1263.28
1091.31,1198.38
1045.06,1175.1
1000.76,1189.08
909.49,1289.67
950.82,1304.65
905.35,1294.81
920.88,1259.74
823.31,1192.01
748.85,1168.1
733.91,1178.4
697.89,1153.51
697.43,1156.91
636.51,1165.09
611.19,1129.71
605.05,1098.61
569.06,1038.94
547.77,1016.68
490.21,987.1
469.66,967.63
456.93,980.24
438.94,973.23
399.95,884.15
373.21,809.95
340.2,734.09
278.16,689.76
233.79,677.91
195.9,644.59
155.12,643.29
111.21,612.65
73.21,626.69
39.42,629.27
18.53,608.86
6.83,566.85
0.7,548.39
0,548.47
0,509.51
0,491.02
0,487.28
0,485.63
0,492.18
0,482.62
0,457.07
0,422.06
0,400.23
0,386.5
0,365.06
0,342.56
0,320.97
0,293.82
0,292.73
0,281.09
0,249.37
0,223.74
0,215.95
0,215.93
0,215.07
0,208.44
0,194.64
0,178.59
0,163.77
0,152.93
0,142.41
0,135.44
0,140.64
0.64,145.45
22.12,140.53
47.55,138.82
82.17,135.4
122.09,125.81
170.43,110.22
222.66,92.28
289.63,84.11
343.85,78.34
420.69,70.73
522.92,61.92
619.5,57.81
740.53,58.66
863.65,59.11
963.17,60.47
1072.73,54.8
1181.24,54.03
1282.08,53.52
1369.33,53.83
1472.98,54.04
1563.4,54.25
1527.81,54.6
1482.66,64.62
1416.05,67.97
1267.55,68.28
1250.85,71.55
1097.45,70.92
1048.02,73.76
1076.02,73.6
1024.68,72.27
1086.38,75.53
1259.76,72.68
1329.38,72.84
1351.38,71.8
1471.55,70.09
1485.51,72.49
1556.46,69.37
1577.19,69.26
1610,67.6
1569.81,72.58
1540.47,73.08
1427.75,71.17
1379.61,86.96
1254.59,95.13
1164.85,96.47
1155.1,101.45
1106.3,94.68
1106.66,87.04
1081.74,86.47
949.86,88.57
901.44,80.72
829.95,76.39
749.66,80.59
678.44,83.03
592.46,79.56
505.25,77.98
425.34,78.94
346.27,83.64
272.18,82.18
204.49,75.47
147.72,78.27
102.9,84.3
66.06,87.67
39.43,85.94
18.45,99.51
4.53,102.61
0,111.97
0,121.75
0,117.57
0,107.73
0,104.62
0,109.69
0,107.21
0,122.22
0,135.13
0,133.81
0,145.1
0,153.76
0,161.31
0,177.98
0,187.4
0,182.19
0,183.92
0,173.67
0,165.8
0,159.48
0,166.66
0,164.22
0,162.5
0,164.39
0,157.95
0,157.22
0,161.48
0,168.85
0,175.58
0,172.66
0.56,175.12
23.26,176.94
49.27,181.11
84.44,187.54
130.56,186.14
189.24,153.69
263.65,139.04
353.23,136.24
451.46,129.94
560.84,127.42
682.17,120.2
807.25,106.74
933.74,102.97
1053.45,103.09
1173.65,100.44
1292.14,86.48
1406.39,84.2
1516.5,92.16
1618.38,96.5
1713.14,99.17
1793.49,107.25
1861.22,106.62
1948.2,108.9
1999.47,108.68
2058.89,111.22
2097.53,101.81
2137.26,99.52
2177.39,89.62
2198.84,84.91
2220.99,83.74
2236.72,85.08
2243.19,85.73
2240.41,88.64
2221.54,95.19
2203.81,100.11
2183.28,100.85
2158.5,106.93
2123.3,120.16
2090.42,129.55
2053.4,135.18
2002.3,146.41
1947.64,155.98
1876.34,184.54
1800.62,197.55
1719.72,198.29
1642.8,196.75
1557.29,199.73
1456.9,220.05
1353.57,243.59
1248.94,265.24
1133.37,290.54
1015.9,322.25
896.62,332.27
777.58,342.29
659.1,356.55
546.86,374.78
439.93,393.35
346.12,408.81
261.36,439.1
190.62,445.11
137.7,458.09
92.35,485.58
56.21,481.16
28.01,441.82
10.95,415.95
1.42,410.79
0,424.92
0,436.19
0,458.01
0,474.32
0,481.21
0,504.01
0,528
0,555.63
0,570.66
0,586.65
0,600.32
0,618.94
0,625.96
0,597.26
0,564.43
0,534
0,495.36
0,446.91
0,415.48
0,401.94
0,399.48
0,429.95
0,441.95
0,448.16
0,483.25
0,517.42
0,548.67
0,567.53
0,549.47
0,509.56
0.53,489.12
20.71,511.8
48.26,521.34
83.15,488.53
128.06,490.73
183.43,482.2
240.8,488.63
296.5,474.77
383.34,450.37
499.79,451.93
563.08,476.96
695.34,470.26
828.14,458.64
961.36,469.73
1042.93,395.38
1157.7,379.86
1285.93,411.19
1343.97,498.77
1417.92,529.36
1475.22,477.59
1535.91,459.38
1581.46,482.45
1642.21,509.39
1699.06,497.58
1712.48,479.33
1756.62,493.25
1761.66,530.79
1784.4,560.91
1846.01,540.8
1836.28,510.79
1800.61,493.64
1750.53,486.61
1689.25,507.28
1670.84,572.29
1641.22,660.88
1590.36,784.66
1593.49,838.5
1633.28,889.12
1673.56,953.41
1711.28,995.45
1676.35,1029.51
1633.34,1043.49
1635.25,1133.13
1630.03,1226.05
1611.69,1271.13
1565.21,1310.93
1495.8,1284.17
1404.6,1356.82
1344.84,1403.99
1244.28,1413.41
1151.54,1375.37
1044.13,1377.34
927.58,1376.78
806.28,1407.11
680.54,1358.96
571.18,1370.87
448.33,1381.54
361.55,1392.18
277.54,1385.51
195.76,1398.63
138.57,1370.83
102.76,1379.99
61.68,1407.99
34.72,1445.44
14.82,1461.95
2.31,1454.66
0,1441.26
0,1348.69
0,1298.21
0,1290.45
0,1271.93
0,1218.86
0,1193.85
0,1219.23
0,1237.66
0,1205.61
0,1175.95
0,1133.15
0,1134.02
0,1116.22
0,1092.68
0,1087.75
0,1065.27
0,1054.94
0,1039.21
0,986.74
0,933.06
0,892.69
0,877.96
0,853.99
0,824.05
0,788.7
0,766.12
0,733.77
0,759.18
0,757.41
0.75,772.85
21.36,786.9
50.2,768.09
92.01,775.16
133.14,718.67
195.62,681.12
262.75,648.58
333.08,637.94
441.67,615.63
521.32,570.03
632.84,553.6
732.56,522.94
824.67,487.57
884.97,487.18
967.81,486.4
1062.93,474.14
1142.94,461.27
1219.66,454.5
1166.39,415.73
1142.65,372.21
1102.83,364.73
1003.79,386.89
1089.97,383.57
1045.61,381.11
1051.87,380.73
1088.34,406.93
1143.79,424.11
1159.4,458.62
1182.39,483.58
1195.49,503.78
1181.94,489.89
1148.05,484.15
1187.62,475.71
1277.88,470.32
1275.56,451.03
1388.24,421.92
1441.94,430.72
1471.77,461.29
1443.1,494.44
1496.83,479.98
1452.48,496.09
1458.33,482.88
1398.67,458.21
1345.99,419.54
1276.24,402.52
1197.77,366.71
1143.47,352.23
1066.36,362.09
1030.78,370.98
991.41,357.33
922.04,375.48
842.21,365.76
775.16,365.68
709.71,367.57
607.36,354.32
507.24,335.03
424.41,307.6
360.96,296.22
272.88,266.91
207.44,247.49
153.03,224.23
106.75,219.06
67.95,208.19
38.56,188.72
16.7,170.54
3.76,147.35
0,149.4
0,177.2
0,207.54
0,243.23
0,266.24
0,278.21
0,282.7
0,282.39
0,264.69
0,230.27
0,238.97
0,242.42
0,246.09
0,241.67
0,248.82
0,308.13
0,338.46
0,364.7
0,400.36
0,431.25
0,456.46
0,444.1
0,418.88
0,413.26
0,410.63
0,406.12
0,388.44
0,366.54
0,345.61
0,323
0.02,276.31
4.8,236.04
17.65,223.33
37.77,213.31
65.23,197.18
96.46,180.04
126.93,173.66
160.65,164.37
197.18,148.27
248.18,137.16
310.73,123.99
368.78,114.37
434.06,112.44
493.14,116.57
580.6,126.93
713.48,120.16
821.1,114.05
876.64,112.81
964.8,111.07
1011.59,108.8
1019.14,98.97
1061.37,102.61
1067.81,107.67
1065.16,115.07
1084.58,113.28
1083.24,116.08
1046.58,121.82
1076.34,125.81
1152.9,127.22
1241.03,141.54
1309.23,156.59
1411.58,156.48
1367.98,164.94
1348.44,158.25
1277.26,160.58
1195.93,157.91
1213.28,153
1301,150.74
1396.79,154.77
1455.11,152.36
1525.17,160.74
1519.62,172.66
1515.06,175.96
1448.87,172.07
1395.96,165.28
1313.09,155.44
1278.4,158.08
1220.16,145.71
1156.52,132.15
1081.22,124.24
991.98,121.61
876.07,108.04
767.93,104.07
677.77,106.51
586.23,106.43
488.17,94.51
406.15,92.48
320.16,86.8
245.12,84.86
181.81,90.05
130.69,85.81
86.77,82.51
50.35,87.97
25.73,93.92
12.36,101.12
3.33,107.29
0,112.97
0,109.38
0,97.93
0,94.1
0,89.46
0,87.65
0,84.67
0,77.71
0,66.59
0,65.21
0,66.53
0,67.56
0,61.85
0,58.63
0,55.98
0,52.15
0,50.23
0,53.92
0,55.78
0,58.33
0,60.83
0,58.49
0,59.15
0,62.11
0,63.26
0,59.09
0,56.2
0,50.7
0,43.18
0,37.57
0.85,37.02
28.67,35.23
59.37,41.08
98.66,47.55
142.05,45.74
193.62,39.26
256.64,39.83
334.72,45.51
421.78,48.17
516.62,48.99
626.07,46.57
742.33,43.83
859.51,46.42
995.8,43.94
1105.01,45.84
1215,45.85
1311.62,45.61
1408.51,45
1470.07,41.95
1515.97,38.68
1566.2,38.82
1593.74,37.11
1668.8,48.72
1742.35,54.77
1752.75,55.14
1774.1,54.8
1826.04,55.42
1877.74,54.33
1898.62,54.14
1862.41,56.49
1925.74,57.92
1867.5,58.24
1867.86,63.25
1870.94,69.86
1872.21,71.17
1830.14,72.06
1822.3,80.17
1841.31,85.62
1889.17,86.07
1788.25,92.19
1763.58,93.8
1725.87,94.73
1703.29,106.28
1620.06,107.43
1594.4,110.49
1548.29,108.18
1468.7,102.03
1382.24,107.79
1257.67,102.86
1164,103.82
1082.67,110.79
969.6,110.51
873.54,105
765.69,97.15
656.53,102.22
546.14,111.56
440.59,111.1
343.43,109.97
266.28,113.6
200.36,109.7
144.38,118.43
98.83,124.95
63.75,135.47
36.15,155.06
15.94,192.18
3.87,208.46
0,220.64
0,249.57
0,284.49
0,307.95
0,341.5
0,336.18
0,346.97
0,368.72
0,398.19
0,392.24
0,387.18
0,377.27
0,381.09
0,381.98
0,367.84
0,350.82
0,355.13
0,353.88
0,352.46
0,327.88
0,283.42
0,241.74
0,216.16
0,198.43
0,176.58
0,160.66
0,152.51
0,144.51
0,142.16
0,134.35
0.76,123.16
22.25,113.13
46.56,110.89
79.77,117.09
123.65,110.29
179.6,105.54
250.73,100.82
335.06,100.8
431.62,93.42
540.36,74.71
656.79,67.92
777.05,59.75
896.78,53.94
1015.14,46.81
1133.23,47.27
1250.91,46.16
1363.91,47.24
1470.06,45.35
1565.05,46.61
1652,49.57
1733.09,47.1
1809.58,48.54
1881.1,58.42
1944.59,68.23
1999.24,71.63
2041.68,73.8
2075.71,69.89
2111.16,65.61
2136.66,64.2
2152.15,58.7
2160.24,57.05
2169.66,61.1
2167.01,62.54
2157.38,63.09
2141.78,66.19
2129.04,64.56
2106.48,64.59
2080.59,69.68
2048.65,74.93
2007.74,82.42
1953,83.99
1896.82,97.37
1832.63,117.93
1763.52,135.36
1680.84,144.59
1599.23,157.35
1509.16,166.87
1414.54,172.88
1308.78,179.2
1198.5,185.7
1081.79,192.23
952.83,191.11
839.91,194.27
733.52,194.23
618.89,198.3
522.1,190.41
426.1,184.69
345.41,178.23
273.28,174.42
211.94,165.06
161.53,168.31
114.77,174.65
74.4,185.89
39.84,200.15
15.15,214.76
2.14,226.59
0,237.86
0,248.75
0,246.13
0,258.38
0,261.65
0,254.21
0,249.96
0,253.99
0,267.93
0,264.94
0,248.63
0,226.07
0,211.04
0,202.63
0,200.9
0,194.37
0,196.02
0,204.92
0,205.41
0,195.4
0,194.13
0,194.18
0,196.65
0,188.46
0,175.6
0,163.45
0,153.52
0,150.4
0,148.29
0,153.95
0.36,162.83
17.03,172.67
42.65,169.75
78.77,165.56
123.77,159.77
175.4,148.2
238.15,136.83
316.42,137.45
411.65,136.23
513.13,159.53
626.15,173.84
740.02,170.06
843.16,156.24
960.22,143.7
1073.13,133.09
1185.96,132.3
1290.8,136.95
1394.11,149.12
1493.98,157
1581.53,168.22
1654.99,153.68
1727.73,134.74
1795.74,146.1
1856.84,161.64
1930.19,162.53
1958.59,171.83
1961.32,171.11
1983.02,185.96
2021.8,195.27
1968.93,188.53
1880.3,183.06
1943.65,178.21
1946.52,171.16
1873.08,171.37
1865.02,178.72
1844.13,208.82
1799.48,217.88
1850.46,230.31
1826.51,290.45
1767.44,350.91
1665.93,320.08
1620.36,322.76
1602.79,373.96
1433.83,429.13
1358.43,421.44
1280.62,465.36
1235.98,481.69
1180.4,507.69
1106.1,527.79
1047.47,538.14
957.86,537.27
854.51,539.69
768.11,587.78
700.15,667.03
599.1,742.45
499.11,751.17
409.96,746.05
330.81,740.64
259.21,734.77
195.42,717.72
145,710.67
104.03,745.04
68.32,771.27
38.03,783.79
13.8,815.06
2.33,833.97
0,836.76
0,829.71
0,813.5
0,798.7
0,816.76
0,796.44
0,770.35
0,724.88
0,719.09
0,737.91
0,738.5
0,734.22
0,713.79
0,700.5
0,678.36
0,666.1
0,637.42
0,586.09
0,543.93
0,513.61
0,498.92
0,501.84
0,497.62
0,526.17
0,541.83
0,537.56
0,535.34
0,541.56
0,546.81
0,555.22
0.73,570.47
17.09,558.79
41.23,510.49
77.27,486.74
116.37,460.87
165.31,449.17
231.16,441.28
312.11,412.44
406.29,383.28
501.44,366.07
615.91,342.36
742.02,297.58
853.46,276.39
968.6,281.16
1079.9,269.64
1180.33,262.39
1288.87,234.78
1381.82,224.34
1460.48,201.12
1535.02,191.49
1616.9,190.4
1682.04,187.77
1724.21,197.95
1804.91,189.58
1863.79,183.2
1911.61,178.01
1940.12,181.44
1960.74,195.41
1987.51,202.38
2012.76,213.23
2034.01,220.94
2038.67,229.02
2053.45,234.93
2036.75,228.39
2013.08,225.52
2011.06,213.4
1961.53,192.02
1948.73,180.65
1943.45,178.38
1910.29,166.13
1867.31,147.72
1816.43,137.97
1751.59,146.62
1693.64,156.05
1615.51,158.21
1521.43,155.85
1441.95,146.52
1336.14,144.21
1238.94,141.33
1139.75,140.82
1038.18,139.53
938.96,140.56
830.79,146.27
725.98,155.33
617.35,166.52
524.98,184.8
431.72,194.46
344.96,190.52
263.64,188.88
201.36,195.01
148.51,206.85
105.04,217.27
69.9,231.48
41.26,229.93
18.34,241.14
2.84,262.22
0,265.81
0,284.52
0,332.32
0,407.87
0,450.78
0,488.64
0,481.96
0,447.92
0,458.36
0,491.65
0,499.12
0,484.28
0,499.46
0,540.02
0,591.03
0,640.91
0,646.53
0,679.42
0,680
0,708.3
0,604.12
0,569.29
0,592.62
0,627.36
0,619.44
0,654.58
0,705.28
0,736.4
0,766.22
0,813.63
0.38,803.79
18.39,741.19
38.02,761.29
66.69,814.44
110.01,848.32
157.79,835.1
221.98,824.6
286.45,813.28
358.04,740.23
448.22,660.12
549.83,620.38
657.4,574.36
756.37,565.34
853.99,576.95
968.63,611.4
1084.32,638.44
1205.22,635.62
1305.98,656.28
1408.49,685.53
1485.16,717.59
1549.55,735.51
1611.81,768.65
1656.68,810.95
1724.86,827.42
1762.91,845.56
1817.29,845.36
1853.4,880.24
1882.53,932.6
1915.49,906.18
1959.01,900.85
1979.6,1044.4
1980.22,1166.2
1949.48,1212.23
1911.71,1252.36
1868.68,1307.04
1810.77,1321.8
1787.79,1307.82
1749.97,1421.29
1692.8,1466.37
1587.78,1468.79
1478.19,1489.91
1340.1,1539.33
1203.26,1484.7
1163.6,1473.28
1067.16,1509.35
1027.35,1496.87
932.02,1432.77
931.35,1431.41
867.93,1419.68
836.35,1440.67
809.26,1430.72
773.12,1483.8
715.39,1478.94
596.48,1391.08
526.11,1398.14
450.1,1375.2
371.85,1291.98
296.67,1244.67
238.2,1128.65
186.25,1094.16
141.53,1044.02
116.86,901.9
83.66,863.94
48.78,813.33
21.94,758.46
4.22,639.13
0,556.23
0,538.47
0,507.6
0,472.19
0,447.01
0,407.12
0,438.33
0,450.87
0,469.01
0,464.6
0,468.99
0,497.02
0,493.09
0,484.42
0,442.13
0,360.28
0,310.01
0,296.37
0,282.75
0,276.03
0,281.36
0,301.97
0,306.54
0,301.06
0,299.63
0,299.42
0,292.87
0,288.39
0,277.73
0,267.55
0.15,260.81
13.46,240.96
33.1,244.26
58.08,266.33
88.81,291.22
121.67,301.06
167.5,269.46
227.62,248.87
297.8,234.22
388.65,230.55
473.98,239.75
568.88,253.25
662.74,255.28
749.92,246.68
832.6,240.81
911.77,274.58
990.42,355.21
1025.51,424.08
1069.45,479.16
1089.19,509.12
1097.59,571
1091.65,606.7
1112.89,629.58
1212.9,686.33
1308.87,738.94
1396.64,778.56
1416.54,820.56
1457.89,868.32
1490.42,928.75
1607.68,968.95
1707.05,975.9
1824.3,1046.04
1898.6,1152.36
1974.86,1206.49
2018.03,1229.79
2069.78,1256.19
2031.63,1278.08
2009.6,1296.02
1999.6,1321.31
2010.1,1346.09
1939.55,1344.46
1904.45,1344.02
1842,1363.01
1802.77,1355.45
1720.91,1367.96
1686.58,1369.34
1598.21,1361.81
1481.61,1377.72
1385.34,1376.2
1268.14,1392.62
1169.26,1395.25
1054.74,1386.45
951.65,1366.21
811.77,1343.1
684.85,1356.27
574.12,1348.84
466.36,1366.21
368.13,1385.89
280.4,1421.04
205.97,1393.23
153.36,1391.13
106.2,1349.45
64.64,1341.57
28.83,1326.32
9.53,1356.26
1.34,1346.81
0,1323.87
0,1314.53
0,1295
0,1248.54
0,1230.3
0,1220.13
0,1212.2
0,1234.2
0,1254.67
0,1273.09
0,1268.74
0,1263.85
0,1278.57
0,1246.03
0,1225.22
0,1233.88
0,1270.06
0,1273.56
0,1271.48
0,1267.44
0,1267.59
0,1281.32
0,1294.04
0,1307.88
0,1321.33
0,1322.54
0,1324.7
0,1306.06
0,1304.08
0,1308.55
0.18,1312.53
16.91,1281.13
41.06,1301.8
73.6,1307.39
110.68,1319.08
155.77,1317.07
212.34,1300.52
275.86,1315.25
326.79,1326.2
368.75,1271.92
407.93,1261.61
435.92,1243.05
448.44,1258.27
447.7,1295.32
424.37,1311.51
431.24,1292.55
424.31,1286.8
420.74,1286.52
417.18,1312.12
435.3,1321.78
440.27,1327.81
450.34,1291.19
459.8,1288.88
495.66,1296.28
516.26,1329.47
524.35,1403.76
535.74,1397.93
510.74,1416.33
502.64,1397.28
493.83,1477.28
504.31,1458.95
502.23,1467.05
500.38,1453.8
528.52,1425
558.19,1408.46
584.47,1406.31
617.08,1429.46
636.44,1436.48
658.8,1436.61
658.71,1425.6
660.51,1426.26
643.63,1405.87
586.43,1393.6
570.2,1349.55
544.56,1373.75
573.02,1373.94
549.82,1356.98
552.22,1339.12
528.74,1344.19
487.17,1332.98
438.61,1303.59
395.91,1282.11
361.05,1291.5
291.38,1283.3
244.95,1266.6
204.75,1245.54
171.64,1256.27
140.38,1263.5
106.15,1252.72
80.87,1238.18
64.59,1244.58
49.99,1256.75
31.79,1240.87
15.92,1222.02
5.18,1227.01
0.46,1271.27
0,1256.99
0,1217.3
0,1247.67
0,1278.51
0,1262.58
0,1272.9
0,1283.25
0,1235.24
0,1206.78
0,1188.35
0,1178.62
0,1195.46
0,1205.81
0,1220.29
0,1216.17
0,1226.71
0,1232.96
0,1246.61
0,1232.31
0,1219.54
0,1219.95
0,1200.81
0,1181.05
0,1179.47
0,1163.61
0,1109.74
0,1129.48
0,1082.04
0,1063.35
0,1073.38
0,1102.14
1.88,1139.02
8.8,1021.91
20.68,953.04
40.96,962.59
69,1009.41
103.21,1061.69
143.07,1124.27
187.95,1101.21
245.26,1082.18
316.76,1033.89
398.04,1028.79
462.93,1067.2
488.35,1054.07
559.62,1020.82
637.51,1023.18
694.62,1050.87
773.35,1069.16
802.47,1014.07
952.55,1022.82
997.57,1047.93
1020.65,1031.01
1004.13,1006.97
1022.56,1002.45
952.82,989.8
952.25,992.18
915.69,979.46
853.63,969.96
913.93,1014.62
900.98,999.4
918.14,1006.59
927.34,997.87
971.42,1029.37
999.25,1063.79
1071.41,1087.64
1147.35,1099.24
1164.28,1070
1171.51,1066
1213.59,1128.65
1030.98,1190.91
984.26,1159.92
949.46,1198.5
935.24,1271.68
927.18,1285.3
812.43,1327.34
743.44,1359.64
652.76,1363.75
606.26,1370.45
562.28,1345.45
557.17,1346.19
522.5,1306.99
484.29,1288.43
454.95,1261.65
430.31,1224.99
415.12,1250.57
379.02,1286.55
332.44,1258.45
258.95,1216.91
199.64,1191.93
156.39,1189.54
118.44,1185.74
85.43,1173.9
53.46,1167.94
27.66,1162.57
9.45,1185.93
1.15,1216.75
0,1208.59
0,1198.63
0,1210.89
0,1182.17
0,1180.09
0,1131.99
0,1043.6
0,986.93
0,961.62
0,897.46
0,778.39
0,629.36
0,553.67
0,559.04
0,599.89
0,549.49
0,507.97
0,457.84
0,458.9
0,470.57
0,477.14
0,428.83
0,381.28
0,353.32
0,352.34
0,377
0,372.42
0,362.21
0,372.94
0,355.02
0,348.66
8.28,329.05
23.15,325.91
45.19,311.58
76.78,280.21
114.24,258.23
158.64,216.46
208.59,167.79
270.19,134.85
334.53,114.26
395.81,100.05
459.73,90.47
542.58,82.03
615.34,69.68
657.17,60.03
723.08,57.1
787.4,54.66
900.4,47.64
1038.8,46.96
1244.7,51.4
1306.09,51.39
1432.4,54.42
1508.02,63.13
1616.75,67.44
1636.84,63.35
1655.51,60.82
1667.82,61.43
1614.54,60.44
1714.5,56.82
1689.1,54.98
1749.19,52.86
1799.48,53.96
1820.33,54.45
1825.61,54.16
1898.06,52.96
1926.34,52.48
1892.69,52.05
1922.58,52.03
1947.35,53.55
1961.52,53.09
1941.82,54.45
1932.9,55.2
1865.16,69.4
1814.62,76.27
1726.4,84.12
1665.02,95.78
1579.13,103.46
1488.36,116.7
1388.22,127.48
1267.28,142.15
1166.89,144.74
1049.46,149.49
924.57,156.28
813.28,164.19
697.1,169.98
580.94,169.87
476.69,179.26
377.16,192.15
289.01,199.5
214.99,207.03
151.98,208.11
103.26,217.19
65.81,222.9
38.04,242.83
17.79,258.69
4.27,278.39
0.01,318.57
0,349.99
0,358.82
0,373.78
0,378.5
0,400.36
0,430.41
0,424.49
0,433.75
0,434.09
0,424.82
0,391.43
0,359.26
0,337.86
0,329.95
0,333.32
0,341.07
0,356.01
0,366.02
0,368.16
0,366.97
0,383.09
0,392
0,390.43
0,369.9
0,388.75
0,374.84
0,374.79
0,384.42
0,383.01
0,369.12
13.65,361.64
38.11,347.34
68.42,334.3
103.59,309.38
138.33,316.06
176.47,297.25
209.59,275.65
236.83,246.9
263.12,253.78
315.22,269.87
358.86,298.41
388.29,272.57
393.2,238.14
442.17,213.37
499.89,197.72
571.11,193.12
641,174.75
677.67,176.39
713.25,158.53
765.02,184.39
800.45,165.29
810.4,179.44
811.54,162.89
856.64,156.38
884.09,141.21
895,124.61
908.7,128.11
914.74,129.65
884.49,137.41
848.53,139.3
778.68,143.11
715.63,152.38
667.13,153.66
656.35,147.33
657.77,150.27
663.74,160.19
671.69,171.86
637.77,196.93
613.9,226.48
580.31,232.25
573.8,250.87
546.09,272.07
545.67,312.2
522.45,344.92
512.36,370.32
488.02,382.14
482.36,426.74
478.62,462.78
469.01,456.56
434.11,466.22
423.52,422.46
392.55,405.22
388.67,432.65
395.18,398.03
373.82,381.73
310.06,366.17
225.7,379
167.67,386.02
126.24,404.8
88.25,415.55
58.78,412.88
33.44,409.41
16.57,419.88
5.86,432.94
0.71,397.78
0,408.51
0,455.29
0,469.45
0,499.44
0,548.62
0,551.01
0,511.53
0,476.37
0,489.62
0,482.93
0,504.51
0,496.01
0,427.75
0,389.73
0,351.52
0,327.77
0,351.92
0,371.59
0,373.51
0,333.89
0,345.31
0,363.39
0,369.72
0,381.83
0,317.29
0,283.98
0,240.22
0,198.86
0,198.25
0,209.63
0,224.69
2.33,225.68
10.14,228.65
22.49,268.76
37.48,262.72
57.56,287.43
84.24,286.64
109.49,298.08
147.45,304.13
191.22,322
248.55,359.46
294.33,358.72
333.33,374.26
347.06,397.45
330.96,405.85
310.66,444.71
296.05,452.23
292.86,432.02
330.95,439.09
366.53,502.72
387.33,532.94
374.5,547.59
388.69,579.24
365.94,618.51
341.75,668.12
349.18,648.03
367.36,649.83
381.8,620.77
412.51,677.35
427.43,719.43
451.59,703.66
487.41,703.4
502,712.14
489.69,709.84
480.8,711.97
504.86,680.12
520.09,627.45
563.62,552.73
581.81,525.9
625.47,530.46
645.69,514.44
690.91,501.08
775.18,501.49
863.83,503.56
911.35,500.89
936.06,500.68
1035.66,493.8
1052.7,496.76
1072.3,535.09
965.96,552.02
918.1,540.57
880.33,498.64
792.97,483.63
642.27,485.04
583.68,561.11
460.39,575.28
389.22,602.01
322.41,482.6
268,466.82
207.57,464.21
152.39,459.98
94.2,443.68
62.07,437.96
42.87,431.57
21.61,435.13
5.52,435.84
0,415.33
0,391.83
0,412.67
0,423.13
0,408.29
0,367.85
0,345.94
0,333.19
0,342.18
0,329.81
0,331.11
0,318.88
0,337.56
0,345.16
0,323.48
0,315.6
0,329.41
0,376.82
0,399.23
0,411.06
0,377.75
0,333.21
0,320.94
0,309.67
0,298.22
0,271.53
0,277.86
0,289.45
0,298.59
0,293.55
0,308.53
1.44,358.32
5.12,362.86
12.62,386.84
24.52,375.14
49.29,371.56
76.84,358.02
101.87,348.72
128.35,326.37
174.9,324.41
214.17,315.7
235.65,320.62
303.95,316.8
377.86,299.48
415.78,293.64
458.24,305.59
581.09,288.18
665.22,277.88
783,302.84
909.46,296.92
951.43,311.69
1003.82,323.93
1106.18,368.07
1117.79,427.78
1253.24,425.44
1316.58,455.31
1377.51,491.14
1442.32,488.3
1479.14,523.38
1488.02,600.72
1465.52,572.63
1425.3,539.64
1413,554.14
1413.71,522.21
1311.15,466.9
1189.03,394.16
1166.46,412.2
1209.67,475.78
1174.38,477.79
1129.16,534.77
1119.55,596.43
1143.23,642.94
1141.11,679.18
1080.77,681.7
998.45,671.54
951.78,810.96
890.22,857.33
825,793.15
817.51,730.67
790.25,682.34
778.78,610.12
700.61,583.78
623.22,525.58
555.96,501.78
505.29,462.8
458.77,434.41
391.87,388.37
332.67,324.89
272.39,278.71
213.23,231.35
153.54,205.58
108.28,188.86
72.91,167.14
39.83,188
15.55,200.72
2.68,208.82
0.01,214.3
0,245.14
0,263.99
0,273.67
0,292.43
0,334.24
0,317.95
0,299.27
0,274.77
0,244.76
0,229.21
0,238.7
0,253.45
0,242.21
0,241.57
0,276.17
0,307.6
0,327.65
0,337.06
0,371.11
0,381.36
0,402.47
0,378.79
0,359.52
0,368
0,347.79
0,343.02
0,302.65
0,281.15
0,257.23
0,270.98
5.22,275.28
19.09,264.1
43.89,273.24
78.62,257.86
124.8,252.82
181.68,235.55
249.82,222.05
336.11,243.79
415.67,226.93
474.09,218.38
520.54,203.76
545.37,245.82
610.69,254.66
614.19,243.22
646.05,230.53
705.74,230.76
763.34,228.04
832.16,228.13
869.68,252.02
924.43,246.67
974.47,230.1
1130.88,229.52
1167,216.34
1220.8,198.38
1247.33,185.29
1287.09,174.6
1313.29,163.05
1329.45,171.28
1300.82,175.25
1292.48,161.07
1228.92,144.48
1196.46,154.42
1193.53,182.62
1204.25,164.06
1130.62,157.34
1150.53,164.82
1092.11,149.69
1093.74,145.79
1137.3,138.06
1145.68,164.05
1147.55,175.32
1071.7,152.21
1044.85,148.6
981.92,149.46
939.17,186.12
915.53,154.37
837.7,167.76
792.33,165.69
718.01,127.5
644.18,83.86
526.64,88.48
444.3,93.22
386.93,87.62
336.34,78.31
293.02,71.32
251.18,64.13
211.02,55.97
171.43,42.91
147.94,46.79
113.19,57.36
78.59,65.58
51.14,76.82
28.14,97.8
8.74,112.67
0.68,134.45
0,175.77
0,197.29
0,218.24
0,239.5
0,251.12
0,287.05
0,323.12
0,348.99
